0,ChIJudQWcEZu5kcRVRTtTHK75zg,Paris,France,[]
1,ChIJ5WgPuzBu5kcRLVZXUgx-XdI,Paris,Île-de-France,"[store, cafe, food]"
2,ChIJLQtj-spx5kcRwUEEw9DJRhs,Paris,France,"[Restaurant, Bar, food, cafe]"
3,ChIJfWUQU2K7rhIRiWGpK57to7k,Haute-Garonne,France,"[store, food, cafe]"
4,ChIJh-pVnJp65kcR_McPRNkHj9w,Hauts-de-Seine,France,"[food, Restaurant]"
5,ChIJcTHe1YfVwkcRNugXdobsFTw,Nord,France,"[Restaurant, food]"
6,ChIJLYfvzBNu5kcRW2ZfP1fdAcE,Paris,France,"[food, Restaurant]"
7,ChIJh8Pu_sbAyRIRRr7nq1M0O8U,Bouches-du-Rhône,France,"[Restaurant, food]"
8,ChIJDfUUJReuEmsRyEBsNGE8rRE,Sydney,Australia,"[Bar, Restaurant, food]"
9,ChIJG6Ntg4Z65kcRhfL4gblXFrs,Hauts-de-Seine,France,"[meal_takeaway, Restaurant, meal_delivery, food]"
10,ChIJP_ovpuBx5kcREpzV3lAhHtk,5th arrondissement,Paris,"[Restaurant, Bar, food]"
11,ChIJGXLSQrfr9EcRgi966-y6_pc,Rhône,France,"[Bar, Restaurant, food]"
12,ChIJI0vFUYfVwkcRmqZJfRrlQCs,Nord,France,"[food, Restaurant]"
13,ChIJp6kvkkVu5kcR3Z7TOhj1exQ,Île-de-France,,[store]
14,ChIJBzXcJ3Jw5kcRIaKWeyEWXrk,Paris,France,[]
15,ChIJ5Vk7opJ65kcR6LOP8WgDN8U,Hauts-de-Seine,France,"[restaurant, bar, food]"
16,ChIJ5Vk7opJ65kcR6LOP8WgDN8U,Hauts-de-Seine,France,"[Bar, Restaurant, food]"
17,ChIJa_2pTx9u5kcR6_dq7cs2xb0,1st arrondissement,Paris,"[meal_takeaway, meal_delivery, Restaurant, food]"
18,ChIJFahJLoDzikcRtp8uG5zMaD0,Isère,France,[university]
19,ChIJlZUrDEbq9EcRyrA0-0hj95M,Rhône,France,"[food, Restaurant]"
20,ChIJHfDNABhw5kcRL_26I5QLKes,Paris,France,"[Restaurant, meal_delivery, food]"
21,ChIJldbFmD5u5kcRN_hD8mPd5ZQ,Paris,France,"[food, cafe, Restaurant]"
22,ChIJZwfPXb_AyRIRnl0zHlFxtxM,Bouches-du-Rhône,France,"[Restaurant, food, Bar, cafe]"
23,ChIJ39of387AyRIRDVHaiSQ6QX0,Marseille,Provence-Alpes-Côte d'Azur,"[Bar, food, Restaurant]"
24,ChIJEdoB2cPAyRIR-LpaCgHBHWM,Bouches-du-Rhône,France,"[Restaurant, food]"
25,ChIJxx36Vvxt5kcR4eZZh8qyK4U,11th arrondissement of Paris,Paris,[]
26,ChIJY_flGp68rhIRsS50jSjAnEQ,Haute-Garonne,France,[Bar]
27,ChIJRTLuHthx5kcRZhnmhOIE-lY,Paris,France,"[Bar, night_club]"
28,ChIJuT2zzgZy5kcRE245LJsSnKg,Paris,France,"[food, Restaurant]"
29,ChIJuT2zzgZy5kcRE245LJsSnKg,Paris,France,"[restaurant, food]"
30,ChIJu96UVvy0RIYRCPxWa4TSr6o,Austin,Texas,"[food, Restaurant]"
31,ChIJ-wQIXHLr9EcResJqSwB4tLw,Rhône,France,"[Restaurant, food]"
32,ChIJpfGcLNlx5kcRpGKKSpKZpcU,Paris,France,"[bar, night_club]"
33,ChIJgezOMBVu5kcRR8DxOqaC4uE,FR,,"[restaurant, food]"
34,ChIJKxawO95x5kcRAntP2VSsgKk,Paris,Île-de-France,"[food, Restaurant]"
35,ChIJrVmOV5DVwkcRe_GJYWH0Sbc,Nord,France,"[Restaurant, food]"
36,ChIJ35IctwBy5kcRi9edE20v3D8,Paris,France,[Bar]
37,ChIJZ-1W_ot65kcRyaqLdxZk_AE,Hauts-de-Seine,France,"[food, Restaurant, lodging]"
38,ChIJyfu1jxZw5kcRbHpISCHu9aw,Paris,France,"[Restaurant, food]"
39,ChIJRS81ac1v5kcRRUqQBmTTJJU,Paris,France,"[Restaurant, Bar, food]"
40,ChIJMx9MzABy5kcRN-yMKgMKU_E,Paris,France,[bar]
41,ChIJw77MPvnq9EcRZBu7Y6o8wxc,1st arrondissement of Lyon,Rhône,[Bar]
42,ChIJGei9yxve5UcRcX5syln5RVA,Essonne,France,[Bar]
43,ChIJ31DPiYnVwkcRXeSx03Z96OE,Nord,France,"[food, Bar]"
44,ChIJycUijkPq9EcRPreqHSchXsQ,Lyon,Rhône-Alpes,"[cafe, food, Restaurant]"
45,ChIJi2M3yYnVwkcR5vnoNm501KE,Nord,France,"[food, Restaurant]"
46,ChIJHcjD5LjAyRIRvJ030AzybgM,Marseille,Provence-Alpes-Côte d'Azur,"[food, cafe, Restaurant]"
47,ChIJ-7rXIo965kcRGZVvi6bgSkc,Hauts-de-Seine,France,"[Bar, Restaurant, food]"
48,ChIJkcvdcIZt5kcRZ4FcBh5cHbg,Paris,France,"[bar, lodging, restaurant, parking, food]"
49,ChIJkcvdcIZt5kcRZ4FcBh5cHbg,Paris,France,"[food, lodging, Restaurant, Bar, parking]"
50,ChIJP8zZ4-tv5kcR1VMg5nE5z8w,Paris,Île-de-France,"[Restaurant, food]"
51,ChIJkXjFyTC_QIYRaZiZorvWPZo,Houston,Texas,"[Bar, cafe, food, Restaurant]"
52,ChIJ45T1N6XAyRIRsQxeLBfG6zM,6th arrondissement of Marseille,Bouches-du-Rhône,"[food, Restaurant]"
53,ChIJF39aLjRu5kcR2tc2OL9Ok0A,Paris,France,"[food, bakery, cafe, store]"
54,ChIJ-eELb-l65kcRfyluPKUXeYs,Hauts-de-Seine,France,"[food, restaurant]"
55,ChIJ-eELb-l65kcRfyluPKUXeYs,Hauts-de-Seine,France,"[restaurant, food]"
56,ChIJ-eELb-l65kcRfyluPKUXeYs,Hauts-de-Seine,France,"[restaurant, food]"
57,ChIJ-eELb-l65kcRfyluPKUXeYs,Hauts-de-Seine,France,"[restaurant, food]"
58,ChIJ-eELb-l65kcRfyluPKUXeYs,Hauts-de-Seine,France,"[restaurant, food]"
59,ChIJ-eELb-l65kcRfyluPKUXeYs,Hauts-de-Seine,France,"[restaurant, food]"
60,ChIJKXF6Shtu5kcRxSjyoq4jwDY,Paris,France,"[food, cafe]"
61,ChIJJ-P3zT9u5kcRvdSsDKd6Ipc,Paris,Île-de-France,"[Bar, night_club]"
62,ChIJlbWJarjAyRIRbY_QOfEx9k4,Marseille,Provence-Alpes-Côte d'Azur,"[Restaurant, food]"
63,ChIJd87NGr2NyRIRowkkllAAIv8,Bouches-du-Rhône,France,"[Restaurant, food]"
64,ChIJ4f7h_mhu5kcRtb3IkgcT7pU,Paris,France,"[Restaurant, food]"
65,ChIJL4T0jLrAyRIR4cfrWROKp8M,Bouches-du-Rhône,France,"[Restaurant, food]"
66,ChIJ4xBDhAqs9UcRJqWAQWXvhAE,Loire,France,"[spa, beauty_salon]"
67,ChIJyUuaVrrAyRIRUOOP1mTDjRg,Bouches-du-Rhône,France,"[food, Restaurant]"
68,ChIJ4yCx4wZy5kcRiTeFA7n5mJQ,Paris,France,[Bar]
69,ChIJ4yCx4wZy5kcRiTeFA7n5mJQ,Paris,France,[bar]
70,ChIJbSDXGjejKogRWlNLqAAPLh0,CA,,"[political, locality]"
71,ChIJq8tRGzpu5kcRDnSYNiUOdR4,Paris,France,"[restaurant, food]"
72,ChIJR0VVh0Tq9EcRJveMSkRSB1U,Lyon,Rhône-Alpes,"[Restaurant, food, Bar]"
73,ChIJL706IJe8rhIRGdHyLdIkbIw,Languedoc-Roussillon Midi-Pyrénées,31000,[]
74,ChIJA_GsK4p65kcRGb3KaG-O-Ok,Hauts-de-Seine,France,"[Restaurant, food]"
75,ChIJA_GsK4p65kcRGb3KaG-O-Ok,Hauts-de-Seine,France,"[Restaurant, food]"
76,ChIJsUovRQZu5kcR4aclHuNb00A,3rd arrondissement,Paris,"[meal_delivery, meal_takeaway, Restaurant, food]"
77,ChIJ13aJUMxx5kcR6dnOzdY-uZE,Paris,France,"[pharmacy, store, health]"
78,ChIJTd9OBrNv5kcRr7XLfzJ9M78,Paris,Île-de-France,"[meal_delivery, food, Restaurant, meal_takeaway]"
79,ChIJuQ2aeaDazRIR-R434mYVWZY,FR,,"[night_club, store, Bar, food, museum, Restaurant]"
80,ChIJX6dEGt5x5kcRvN7WYlpudKU,Paris,France,"[food, store, cafe]"
81,ChIJizKch_xx5kcRtvvAqq_HAuA,Paris,France,"[restaurant, food]"
82,ChIJb5OSdsNv5kcRMlw5Ooto9zo,Paris,France,[night_club]
83,ChIJv-_lZx3r9EcRcXphNXP14SA,Rhône,France,[Bar]
84,ChIJC8c4xbJqkFQRzxkn4pr96xE,Seattle,Washington,"[food, cafe, store]"
85,ChIJzWKpn89x5kcRvyG8Xzrx8uo,Paris,France,"[Restaurant, food]"
86,ChIJS2t0QgFu5kcR92388prakcE,Paris,France,[museum]
87,ChIJA4deFHC7rhIRDtbPJ_bDBYg,Haute-Garonne,France,"[food, Bar]"
88,ChIJmTHlzO7AyRIRGXlQXQ9V5us,Marseille,Provence-Alpes-Côte d'Azur,"[food, Restaurant]"
89,ChIJfyPlW7Fv5kcREJzgSEJO_0M,Paris,Île-de-France,"[restaurant, bar, food]"
90,ChIJ6zWHd6Ft5kcRyZxiqRKDxdk,Île-de-France,75020,"[food, Restaurant]"
91,ChIJJUvyzgBy5kcRtvSiuA5hvpE,Paris,France,[Bar]
92,ChIJJUvyzgBy5kcRtvSiuA5hvpE,Paris,France,[bar]
93,ChIJGQyIX4_VwkcRNROBKjx1AjM,Nord,France,"[food, Restaurant]"
94,ChIJHaFh8YfVwkcRn2B3ss73hBs,Nord,France,[Bar]
95,ChIJ6d8E4mxu5kcRcM9fKPhAh8A,Paris,France,"[Restaurant, food]"
96,ChIJtVoUbPnq9EcRcwrldoRe_aM,Rhône,France,"[night_club, Bar]"
97,ChIJy0NgD0Xq9EcR9GMthDTGWyU,Rhône,France,"[food, Restaurant]"
98,ChIJq1xzdJDVwkcRvnlAG_cWUzM,Nord,France,"[cafe, food]"
99,ChIJZaxP1LBv5kcRQKASCZUfnz8,Paris,France,"[bakery, store, food]"
100,ChIJqXXHv-Bx5kcRecgfcFDPz7c,Paris,France,"[Restaurant, food]"
101,ChIJo8Po_8F4CEgR0ILDISnSzPo,Maine-et-Loire,France,[Bar]
102,ChIJdfabEsfAyRIRcWDDWrn6DzU,1st arrondissement of Marseille,Bouches-du-Rhône,"[Restaurant, food, Bar]"
103,ChIJhYOS0v3q9EcR8PWIo9f5ofc,Rhône,France,"[food, Restaurant]"
104,ChIJF_vM3WPq9EcRIZxb637PpgI,Rhône,France,"[food, Restaurant]"
105,ChIJQ46XIUZu5kcRy4xuGZSwzwo,Paris,France,[Bar]
106,ChIJNfTYn5rVwkcRKX2mVvIcxT0,Nord,France,"[cafe, food, Restaurant, store]"
107,ChIJD1NcznJu5kcRf1NPxKI6CPI,Paris,Île-de-France,"[food, Restaurant]"
108,ChIJd9XPtlbq9EcRn2wA91GAeGg,Rhône,France,"[food, store, cafe]"
109,ChIJUfAR9kCuEmsRkQqfH0f2ZaM,Sydney,Australia,[Bar]
110,ChIJ8xMu2HPq9EcR_ht94WjKZCY,Rhône,France,[Bar]
111,ChIJl_7p8uFv5kcRj5ZGEf31ILM,Paris,Île-de-France,"[restaurant, food]"
112,ChIJbXHjUPk_yxIRBry4NBjp1w4,Hautes-Alpes,France,"[Restaurant, food]"
113,ChIJWRwU93LHyRIRLHL-3mTen-I,Bouches-du-Rhône,France,[Bar]
114,ChIJ_2AxnYfVwkcRd2v-D0zegYg,Lille,Nord-Pas-de-Calais,[Bar]
115,ChIJD7fiBh9u5kcRYJSMaMOCCwQ,FR,,"[locality, political]"
116,ChIJmxsSTFtH4UcRXOIJM2nsdWs,Eure,France,"[Restaurant, food]"
117,ChIJWzc9k39x5kcRXK3TooeyLYE,Val-de-Marne,France,"[food, Restaurant]"
118,ChIJNzRBsE3q9EcRS7TosaLAdOc,Lyon,Rhône-Alpes,"[Restaurant, cafe, food]"
119,ChIJ321Jgz5u5kcRqN76SoQ6Lek,Paris,Île-de-France,"[food, cafe, Restaurant, Bar]"
120,ChIJ9_SKPUvq9EcRsvhxDZsc158,Rhône,France,"[Restaurant, food]"
121,ChIJ61VhejVu5kcRipSXBf-9MUM,Paris,France,"[cafe, store, food]"
122,ChIJvTN8gLjAyRIRQF6UY-654ls,Bouches-du-Rhône,France,"[food, Bar, Restaurant]"
123,ChIJKbarJztw5kcR6Q8QoZdHJtc,Paris,France,"[Bar, Restaurant, food]"
124,ChIJ7R4tgLtZwokRM8thlhlzE2o,Manhattan,New York County,"[cafe, food, store]"
125,ChIJz08xKgJy5kcR0Fcp4yfy1Qc,Paris,Île-de-France,"[food, Restaurant]"
126,ChIJAQAAoVtt5kcRAL4H1Qi3gUA,Île-de-France,93100,"[food, Restaurant]"
127,ChIJpa7qEJiNyRIR9mkof1PN4uU,Bouches-du-Rhône,France,"[meal_takeaway, Restaurant, food]"
128,ChIJuXgDNTxu5kcRGs94Doyw_-w,Paris,France,[Bar]
129,ChIJcTUIvoaVJIgRpYJ7qFJ10Qw,Oakland County,United States,"[food, Restaurant]"
130,ChIJyawk3p1v5kcRtFEZ0HyKFKE,Hauts-de-Seine,France,"[cafe, food]"
131,ChIJZdGK2CRu5kcRVYkhawTz8C0,Paris,Île-de-France,"[Restaurant, food]"
132,ChIJsU30zM1qkFQRbnOm1_LBoG0,Seattle,Washington,"[cafe, food, store]"
133,ChIJqwd1Lt1v5kcRqG8_LF_qfcc,Paris,France,"[Restaurant, food]"
134,ChIJH-rJI5-8rhIRGgM0BSRbtz4,Haute-Garonne,France,"[Restaurant, food]"
135,ChIJ78C8wFzV3EcRWkkRYVqX6cM,Nord-Pas-de-Calais,59160,"[food, Restaurant]"
136,ChIJuyuNXdfAyRIRPFLPP-7QIJs,Bouches-du-Rhône,France,"[Restaurant, food]"
137,ChIJIYY2sFJu5kcRKSGlO3HH_pU,Paris,France,"[Restaurant, food]"
138,ChIJaZVP5gBy5kcRoDKJxbCmbag,Paris,France,"[Bar, cafe, food]"
139,ChIJUy9JFxVu5kcRMW429Dzhb_w,9th arrondissement of Paris,Paris,"[Restaurant, food]"
140,ChIJC0tMA8Zx5kcRT0FUzlguCls,Paris,France,"[Restaurant, food]"
141,ChIJZdyzNHpu5kcRHzDLxzlsfJo,Paris,Île-de-France,"[food, restaurant]"
142,ChIJZdyzNHpu5kcRHzDLxzlsfJo,Paris,Île-de-France,"[food, Restaurant]"
143,ChIJ-Qr6Qxdy5kcRaThUcSf8m5g,Paris,France,[stadium]
144,ChIJMQxZiv7q9EcRS7g4SCMOsKk,1st arrondissement of Lyon,Rhône,"[Bar, cafe, food]"
145,ChIJr5Ks2UVu5kcR9QL45EXSLBE,Paris,France,[bar]
146,ChIJr5Ks2UVu5kcR9QL45EXSLBE,Paris,France,[Bar]
147,ChIJUcDfzFRu5kcRf64XHZwbH64,17th arrondissement,Paris,[bar]
148,ChIJmxVBernAyRIRvwECO4ddzmg,Bouches-du-Rhône,France,"[grocery_or_supermarket, Restaurant, food, store]"
149,ChIJg4octORx5kcRijmhQTSm1Fs,Paris,France,"[Restaurant, food]"
150,ChIJq6B5t99x5kcRRfiVW1Lj98o,Paris,France,"[Restaurant, Bar, food, store]"
151,ChIJecyzPQNu5kcRxpombM1XTy8,Paris,France,[Bar]
152,ChIJKw0NuDRu5kcRft-BgpQ1D90,Paris,France,"[Restaurant, food]"
153,ChIJBUcOuJ68rhIRgIVTrvWHJbU,Haute-Garonne,France,"[store, food, cafe]"
154,ChIJQYX2NSVu5kcRuaQs2759EDQ,1st arrondissement,Paris,"[Restaurant, food]"
155,ChIJ7yuRl3cqw0cR24QyNQYfXzU,Lille,Nord-Pas-de-Calais,"[Bar, night_club]"
156,ChIJ18u6WzVu5kcRnEEe3FxoxL8,FR,,"[food, Restaurant]"
157,ChIJuYJGuRZu5kcRH2oCADyJiKU,10th arrondissement,Paris,"[meal_takeaway, food, meal_delivery, Restaurant]"
158,ChIJh3tl5lRYwokRtY1QuaZADu0,Manhattan,New York County,"[food, cafe, Bar, Restaurant]"
159,ChIJ8zJBCGK7rhIRJ2ROilwHpqM,Haute-Garonne,France,"[food, Restaurant]"
160,ChIJBahdkNBt5kcRHUnZLG_jnvs,Paris,France,[Bar]
161,ChIJBahdkNBt5kcRHUnZLG_jnvs,Paris,France,[bar]
162,ChIJ9WtTtZSAhYARm4xw0PDM3PM,SF,California,"[meal_takeaway, meal_delivery, Restaurant, food]"
163,ChIJN0jbmsfAyRIRWs04WQ6bDVI,Bouches-du-Rhône,France,"[cafe, Bar, Restaurant, clothing_store, food, store]"
164,ChIJsVzBAslv5kcR-8UQLgslM2k,Paris,France,[Bar]
165,ChIJN8w8-hxu5kcRXO7gS8PGt10,4th arrondissement of Paris,Paris,"[store, food]"
166,ChIJuRsjml-7rhIRrI42dytoOm0,Haute-Garonne,France,"[Bar, food, Restaurant]"
167,ChIJL6V493G7rhIRw0ZQHoJ1YBs,Haute-Garonne,France,"[Bar, Restaurant, food]"
168,ChIJNaHCecRv5kcRpOxeTjb-g2Q,Paris,France,"[Restaurant, meal_takeaway, food]"
169,ChIJ_4g5IjBz5kcRXZkNCvALux8,FR,,"[locality, political]"
170,ChIJW0FW_72NyRIR1ww-cUbtnnQ,Bouches-du-Rhône,France,"[Restaurant, food]"
171,ChIJ647DhQZu5kcR4Ss8Lzg3I_Q,Paris,Île-de-France,"[Restaurant, food, cafe, Bar, store]"
172,ChIJxd0WtpG8rhIROZsJBg-0cnY,Haute-Garonne,France,"[Bar, Restaurant, food]"
173,ChIJmVVpmIrVwkcRjaE2W9e-H_4,Nord,France,"[food, Restaurant]"
174,ChIJTy2JMQtv5kcR4ctsgyy6aZU,Hauts-de-Seine,France,"[Restaurant, food]"
175,ChIJVVVFg4l65kcRY5d70Ef3FT8,Hauts-de-Seine,France,"[Restaurant, food]"
176,ChIJ36EMpP_q9EcRbOjVeAXkCpY,1st arrondissement of Lyon,Rhône,"[Restaurant, food]"
177,ChIJQTLcSVjq9EcRKEMn6rQHwcM,Lyon,Rhône-Alpes,[Bar]
178,ChIJr_kI03y7rhIRWLYIN7dW7-k,Haute-Garonne,France,[Bar]
179,ChIJbxIuBDpu5kcRdYIN6Irc8nA,Paris,Île-de-France,"[Restaurant, food]"
180,ChIJ5-Wt8AZu5kcRwI6zQEwdXv4,Paris,Île-de-France,"[Bar, food, Restaurant]"
181,ChIJ-fTHLgJy5kcRkJ-cKY8mHug,Paris,France,"[Bar, Restaurant, store, cafe, food]"
182,ChIJM2AdzQBy5kcRdMXq_tKcHtE,Paris,France,"[Bar, night_club, cafe, Restaurant, food]"
183,ChIJHcjD5LjAyRIRMrc5wtxpy6k,Bouches-du-Rhône,France,"[Restaurant, cafe, food]"
184,ChIJR5-CQBpy5kcRKZp6xATLG2Q,Paris,France,"[food, Bar, Restaurant]"
185,ChIJD_qA0YTVwkcRZUy_GD16Di8,Nord,France,"[food, Bar, cafe, Restaurant]"
186,ChIJeQMHP8jAyRIRGHFgNaDXmyU,Bouches-du-Rhône,France,[Bar]
187,ChIJrx1wLQdy5kcR0LqCzSb0dTk,11ème Arrondissement Paris,Paris,"[Bar, food, night_club, Restaurant]"
188,ChIJCTQudat65kcRTh9_Wbry3zM,Paris,France,[university]
189,ChIJnY7lANp4CEgRMJwNHlI3DQQ,FR,,"[locality, political]"
190,ChIJU9d4gc9z5kcR4ml6HYlFX4o,Val-de-Marne,France,"[food, Restaurant]"
191,ChIJjdDV3Rtw5kcR1dmCBQOwaR0,Paris,France,"[Restaurant, food]"
192,ChIJQcio5M_r9EcR83yBOh8KrZo,2nd arrondissement of Lyon,Rhône,[]
193,ChIJl9avTVbq9EcREJFFJKaBNXM,Lyon,Rhône-Alpes,"[Restaurant, food]"
194,ChIJd_2o97l95kcR4j94zASrW3Q,Yvelines,France,[Bar]
195,ChIJ2XMGWQwqw0cR2Zusu4soVN0,Nord,France,[local_government_office]
196,ChIJJdinHult5kcRw1VJlkwXE54,,,
197,ChIJJdinHult5kcRw1VJlkwXE54,Paris,France,"[Restaurant, Bar, food]"
198,ChIJ66kETntu5kcRdmMzu9XGdaE,Paris,France,[Bar]
199,ChIJFXPKAL6NyRIR7UzIjTBIVcA,Bouches-du-Rhône,France,"[Restaurant, food]"
200,ChIJ2z4VG72NyRIRgUAa_uar0q4,FR,,"[meal_takeaway, Restaurant, food]"
201,ChIJTdqyEGK7rhIRyTBkGLlU8A0,Haute-Garonne,France,[Bar]
202,ChIJAzJoLS9Va4gRVSJAwDRZtvs,Indianapolis,Marion County,"[meal_takeaway, Restaurant, meal_delivery, food]"
203,ChIJrWgkmC1s5kcRt5dpW6uhUx4,Paris,France,[health]
204,ChIJq6qqzorVwkcRWhNuU3b6QfE,Nord-Pas-de-Calais Picardie,59777,"[store, food, cafe]"
205,ChIJRftsdyRu5kcR4cGe4skdrnA,Paris,France,"[store, home_goods_store, furniture_store]"
206,ChIJEW4ls3nVwkcRYGNkgT7xCgQ,FR,,"[locality, political]"
207,ChIJBaJZnYfVwkcRsxuEa6T7i0o,Nord,France,"[cafe, food]"
208,ChIJaYdXWOnAyRIRhOcRD2uJGqw,Bouches-du-Rhône,France,"[food, Restaurant]"
209,ChIJl6LYAp68rhIR52hPGY6KVkY,Haute-Garonne,France,"[Restaurant, food]"
210,ChIJJcsz6jlu5kcR8osd7GJCwiw,Paris,France,[night_club]
211,ChIJqXKUvFXq9EcResAo-fVsSiI,Lyon,Rhône-Alpes,"[Restaurant, food]"
212,ChIJEankdlxu5kcRQIg1Sz9yDbo,Paris,Île-de-France,"[food, Bar, Restaurant]"
213,ChIJubx7nP7q9EcROsvVkxfPM7Y,Rhône,France,"[cafe, art_gallery, food, store]"
214,ChIJ2cXH3sV4CEgRruFyUrRWGiE,Maine-et-Loire,France,[Bar]
215,ChIJCZfCw4fVwkcRONce_ZO9B-4,Nord,France,"[bakery, food, cafe, Restaurant, store]"
216,ChIJ_7vnfX9x5kcRBn1_tPI8jjA,Val-de-Marne,France,"[food, Restaurant]"
217,ChIJDafpbJm8rhIRYk_yCRrEnLM,Haute-Garonne,France,[Bar]
218,ChIJqTJ4_ul4CEgRB6d9FndqObg,Maine-et-Loire,France,[lodging]
219,ChIJjaGYgbjAyRIRsFnt3XfjlmM,Marseille 1er arrondissement,Provence-Alpes-Côte d'Azur,"[meal_takeaway, Restaurant, food, store]"
220,ChIJv7UqDSrByRIRPV3h0TMH2Aw,Bouches-du-Rhône,France,"[food, Restaurant, store]"
221,ChIJITEOuBNu5kcRwkNJP6xaUhs,Paris,Île-de-France,"[food, bar, cafe]"
222,ChIJu6HiXLjAyRIRT5nVEzneGFw,Marseille,Provence-Alpes-Côte d'Azur,"[Bar, grocery_or_supermarket, Restaurant, food, store]"
223,ChIJm08kD_7q9EcRdLjDtfoKjFY,Rhône,France,"[food, Restaurant]"
224,ChIJY8er33Pq9EcRK61JcZDrkW0,Lyon,Rhône-Alpes,"[Restaurant, food, Bar]"
225,ChIJsZKjKA1u5kcRaVDKu3gWoMI,Paris,France,"[cafe, food]"
226,ChIJN4AZZ0bq9EcRmekjCC3DnJI,Rhône,France,"[food, cafe]"
227,ChIJ0ZwrNihy5kcReeXK-huC_-8,Paris,France,"[store, grocery_or_supermarket, food]"
228,ChIJLaqAWoxv5kcRRw44w2RRQTg,Paris,Île-de-France,[store]
229,ChIJJbi4bGLEwogR-We428OFYrM,Tampa,Florida,"[Bar, Restaurant, food]"
230,ChIJeSuLxAtu5kcRm9ZnLhtB8kQ,Paris,France,"[Restaurant, food, Bar]"
231,ChIJuZYdiP7q9EcRb-pNqWvyzTo,Rhône,France,"[Restaurant, food]"
232,ChIJKd_caJC8rhIRHWLKmVWJjoA,Haute-Garonne,France,"[Restaurant, food]"
233,ChIJgzuFJ5aNyRIRB9W03Qm2LAw,Bouches-du-Rhône,France,"[food, store]"
234,ChIJy3sBP2Hq9EcRQURYqqKtxYI,Rhône,France,"[food, Bar, Restaurant]"
235,ChIJI9FG972NyRIRuMmPsLoSbHY,Bouches-du-Rhône,France,[]
236,ChIJxaCxpBRu5kcRQ9-jT_pb_YE,10th arrondissement,Paris,"[Bar, food, Restaurant]"
237,ChIJMZd_Tb2NyRIRBGGlftWobKI,Bouches-du-Rhône,France,"[Restaurant, food]"
238,ChIJDxoxgp-9rhIR3nW_uZZNzdQ,Toulouse,Languedoc-Roussillon Midi-Pyrénées,"[Restaurant, food]"
239,ChIJY1137Rty5kcR19HGmyuBSjY,Paris,France,"[food, Restaurant, Bar, cafe]"
240,ChIJeZ71EQDr9EcRMW_WbriXdxA,Lyon,Rhône-Alpes,[Bar]
241,ChIJZYI0ygtu5kcRdYe6wVTkZDQ,Paris,France,"[restaurant, food, bar]"
242,ChIJZYI0ygtu5kcRdYe6wVTkZDQ,Paris,France,"[Restaurant, food, Bar]"
243,ChIJe8StPFrq9EcRsEDABe7A7-A,Rhône,France,[]
244,ChIJ9RNxcQNy5kcRnZJ4vsuXcow,Paris,France,[lodging]
245,ChIJ35yLU0Zu5kcRUctPEJPvCR8,9th arrondissement of Paris,Paris,"[food, Restaurant]"
246,ChIJH8Zss7nAyRIRm7MGXtMpM5A,Bouches-du-Rhône,France,"[Restaurant, food]"
247,ChIJYwTF-E5u5kcRNtLbdLULmK8,Paris,France,"[cafe, Restaurant, Bar, food]"
248,ChIJFyze905u5kcRfwBpl-0UnHE,Paris,Île-de-France,"[night_club, Bar, Restaurant, food]"
249,ChIJkRD62J-4yRIR-kCxkiRZW0Q,Marseille,Provence-Alpes-Côte d'Azur,"[Restaurant, Bar, food]"
250,ChIJY42J_Oxt5kcRyhBtwZvJT_Y,Paris,France,"[food, Restaurant]"
251,ChIJP7drYSxy5kcR1_aBfn1ZANY,Val-de-Marne,France,"[Restaurant, food]"
252,ChIJg7nBW1Hq9EcRWro9kI5Layg,Rhône,France,"[Restaurant, food]"
253,ChIJuceAzElu5kcRCs5ObBAGIj4,Paris,France,"[store, food, cafe]"
254,ChIJwdgFjVnq9EcR9KCFkrHOaxw,Rhône,France,"[Bar, food, night_club, Restaurant]"
255,ChIJ-wyj_Wrq9EcRXwaVvKz7J5g,Rhône,France,"[night_club, Restaurant, Bar, food]"
256,ChIJ18Q-jklu5kcR3ZoLR_ldvfM,Paris,France,[]
257,ChIJ8f3kjDNs5kcRYGqrk8H3wmY,Paris,France,"[Bar, night_club]"
258,ChIJH8aneMbAyRIRUwSwL9oPneM,7th arrondissement of Marseille,Bouches-du-Rhône,"[Bar, cafe, food, Restaurant]"
259,ChIJLU7jZClu5kcR4HULI7qnIHE,Paris,Île-de-France,"[food, Restaurant]"
260,ChIJy6lPp5-8rhIRjiUqcnRUhFo,Haute-Garonne,France,"[food, bakery, store]"
261,ChIJd66JSpi8rhIRmS4khLD74do,Haute-Garonne,France,"[Bar, night_club]"
262,ChIJTT5Hm-ClIIYR97Y1jn7-aA0,New Orleans,Louisiana,"[cafe, food, store]"
263,ChIJY0PV9Hgqw0cRphbqrwX1oq4,Nord,France,[Bar]
264,ChIJFeTPDf-r9UcRVldjh9uyMQY,FR,,"[political, locality]"
265,ChIJgT3C39xx5kcReKrfsUXZ-rQ,Paris,France,"[food, Restaurant]"
266,ChIJgT3C39xx5kcReKrfsUXZ-rQ,Paris,France,"[food, Restaurant]"
267,ChIJvaY8oABu5kcRMeOrqX75BIY,Paris,France,"[cafe, grocery_or_supermarket, Restaurant, food, meal_takeaway, store, bakery]"
268,ChIJU0PeOBT15kcRu4FeNaDkFgk,Val-d'Oise,France,"[Restaurant, food]"
269,ChIJG7OGt4fVwkcREx1SotQlTGg,Nord,France,[Bar]
270,ChIJfb8SPPzq9EcRukYwoR9KUTE,Rhône,France,"[cafe, food, store]"
271,ChIJ02Lg3z1u5kcRm-Al-JnxmRU,Paris,Île-de-France,"[Restaurant, food, night_club, Bar]"
272,ChIJT53oq6TAyRIRZExhsj6d6EE,6th arrondissement of Marseille,Bouches-du-Rhône,"[food, Restaurant, Bar]"
273,ChIJYzuf0WDq9EcR54A_rX33rzE,Rhône,France,"[food, Restaurant]"
274,ChIJKZpHiel4CEgRGsd8RuBy8N0,Maine-et-Loire,France,[Bar]
275,ChIJwTVc3dBx5kcRWgAu9Ociy_w,Paris,Île-de-France,"[Restaurant, food, meal_takeaway]"
276,ChIJN5UmzGe7rhIRnmeYt85tFYc,Haute-Garonne,France,"[Restaurant, food]"
277,ChIJOeKef8DAyRIRvirwrhNP6iQ,Bouches-du-Rhône,France,"[food, cafe, store]"
278,ChIJMdmRJ38qw0cRQy9yE-EHAkM,Nord,France,[Bar]
279,ChIJy-C-ugBu5kcRRkDZXt-Nn1Q,Paris,France,[art_gallery]
280,ChIJNQvBZofVwkcR78eL-MRzDfA,Nord,France,"[Restaurant, bakery, store, food]"
281,ChIJDfUgNdBt5kcR605nMrf15XU,Paris,Île-de-France,"[Restaurant, Bar, night_club, food]"
282,ChIJbZG9lt9v5kcRwdXbp2Et1B8,Paris,Île-de-France,"[Restaurant, food, cafe]"
283,ChIJSxRBhiVu5kcRxnp77_Uudfw,Paris,France,"[cafe, store, food]"
284,ChIJK6gjSv9t5kcRJ5uOc2n7DCU,Paris,France,"[food, store, grocery_or_supermarket]"
285,ChIJixbd-gZy5kcRWygsNNXqaPo,Paris,France,[bar]
286,ChIJixbd-gZy5kcRWygsNNXqaPo,Paris,France,[bar]
287,ChIJixbd-gZy5kcRWygsNNXqaPo,Paris,France,[bar]
288,ChIJixbd-gZy5kcRWygsNNXqaPo,Paris,France,[bar]
289,ChIJixbd-gZy5kcRWygsNNXqaPo,Paris,France,[bar]
290,ChIJxymVyABy5kcRlwPBRo6eEiw,Paris,France,[bar]
291,ChIJxymVyABy5kcRlwPBRo6eEiw,Paris,France,[Bar]
292,ChIJbbplARhu5kcRgztNKLdZbbI,Paris,France,[spa]
293,ChIJF_ro4N1x5kcR8YUUvnew44Y,Paris,France,"[food, store, cafe]"
294,ChIJv4KfpwBy5kcROqKaKlwHAgg,Paris,Île-de-France,"[Restaurant, food]"
295,ChIJE6rCL0y-woARxlkQxOqma6I,Universal Studios Blvd,Universal City,"[food, Restaurant, cafe, Bar]"
296,ChIJrbz5-AZu5kcRmpEc9SBY4ls,Paris,Île-de-France,"[Restaurant, food]"
297,ChIJ0Q7tj_1x5kcR-M7FGSl4giI,Paris,France,[Bar]
298,ChIJrcP4dCZ45kcRrhJ-EbiZ0U0,Essonne,France,[]
299,ChIJbZa0uWK7rhIROMW9WRc3p9M,Toulouse,Midi-Pyrénées,"[Restaurant, Bar, food]"
300,ChIJSSjNVtpv5kcR06opbMVDFes,Île-de-France,75008,"[travel_agency, Restaurant, food]"
301,ChIJuyYh-gBy5kcRlX6XTFxkoq8,11th arrondissement of Paris,Paris,"[Bar, Restaurant, food]"
302,ChIJ05Eq1kVu5kcRvq2tYBgjLfI,Paris,France,[bar]
303,ChIJ05Eq1kVu5kcRvq2tYBgjLfI,Paris,France,[Bar]
304,ChIJV5v_toJw44kRrRiAxt4oeZM,Suffolk County,United States,"[food, store, cafe]"
305,ChIJEYLIxB5u5kcRGlRM6YhoV2c,Paris,France,"[Restaurant, food, meal_takeaway]"
306,ChIJy8liux9u5kcROXQfJ7-ESm4,Paris,Île-de-France,"[art_gallery, Restaurant, Bar, food]"
307,ChIJPxtQ4FPq9EcRE2rVPqDecCQ,Rhône,France,"[meal_takeaway, Restaurant, food]"
308,ChIJ3X0PI1rq9EcR3cfk3kuxhns,Rhône,France,"[night_club, Bar]"
309,ChIJI8x1sGi7rhIROkfA5pQuk7g,Haute-Garonne,France,[night_club]
310,ChIJmySmSIXVwkcRSqk9BZ1fi4k,Nord,France,"[cafe, Restaurant, food]"
311,ChIJXy5F8zNs5kcR4EG2ITmEGLA,Paris,France,[]
312,ChIJBxodKtxt5kcRnDS9WP3PhCo,Paris,France,"[Restaurant, cafe, food]"
313,ChIJgRpheazr9EcRUa9ejMT_CCE,Rhône,France,"[Restaurant, Bar, food]"
314,ChIJX2V3iiFu5kcRiLmz-yKJAbc,Paris,France,"[food, Bar, Restaurant]"
315,ChIJnSKf8pu8rhIRwL-BFHli1l4,Haute-Garonne,France,[Bar]
316,ChIJM-ErPmLq9EcRBc8bPh4XMeM,Rhône,France,"[food, Restaurant]"
317,ChIJI8qmv8DAyRIRsQUw3Q6LKK0,Marseille,Provence-Alpes-Côte d'Azur,"[night_club, Restaurant, cafe, Bar, food]"
318,ChIJ02Lg3z1u5kcRIyN9MB7QdlY,Paris,Île-de-France,[Bar]
319,ChIJoWvJWf9t5kcRW7A7wfeyZaE,Paris,France,"[food, cafe]"
320,ChIJ9S9UxAZy5kcRF0ZuoNaI69s,Paris,France,[Bar]
321,ChIJP0A84hTLc0ERZ0dOh-uuE68,Nord,France,"[Restaurant, food, store]"
322,ChIJT5bwP5vVwkcRZLeILFXTiJQ,Nord,France,[Bar]
323,ChIJgT0st1Xq9EcRto5eULT2Fds,Rhône,France,"[Restaurant, food, store, bakery]"
324,ChIJZ_tLvJ68rhIRLSdoFbfisa0,Toulouse,Midi-Pyrénées,"[meal_delivery, Restaurant, food, meal_takeaway]"
325,ChIJ56ZaVcB4CEgROhr0iXUxEX0,Maine-et-Loire,France,"[Restaurant, meal_delivery, food]"
326,ChIJLZVAI1XHyRIRGTiKgTGBook,Bouches-du-Rhône,France,"[food, Restaurant]"
327,ChIJgcpR9-gnVQ0RiXo5ewOGY3k,FR,,"[political, locality]"
328,ChIJw8kRaSFu5kcRFhLvX5DjiWY,Paris,France,"[Restaurant, food]"
329,ChIJk3-gr-m20YgRQ6gePTOu9Rc,Monroe County,United States,"[night_club, Bar]"
330,ChIJq2DVqQhy5kcRa72Hhklq2bY,Paris,France,"[Restaurant, food]"
331,ChIJZ2oWlarr9EcRsdqsW7zNNvE,Rhône,France,"[food, Restaurant]"
332,ChIJu4SAEulv5kcR8iU31GkA4Vw,Paris,France,"[clothing_store, store]"
333,ChIJ4xutfT5u5kcRaJn2NkiOhPU,Paris,Île-de-France,"[food, Restaurant]"
334,ChIJzTyCSFTq9EcRvLMegp9RRFA,Rhône,France,"[food, store, cafe]"
335,ChIJ4T8SMABy5kcRLIGAo5gKWw8,Paris,Île-de-France,"[food, Restaurant]"
336,ChIJ9XyV5B5u5kcRA2PRdiGh4uY,Paris,Île-de-France,"[store, cafe, night_club, food, Bar]"
337,ChIJAYa7ntNx5kcRcmJxXPZ7m9k,Paris,Île-de-France,"[department_store, store]"
338,ChIJz1wE8E5u5kcRfy7r2QGL8HU,Paris,France,"[cafe, food, Bar]"
339,ChIJAQAAMCxu5kcRx--_4QnbGcI,Paris,France,[park]
340,ChIJJ7M3kG1u5kcRHcT74K1TvM8,Paris,France,"[night_club, Restaurant, Bar, food]"
341,ChIJ1-QmGr5v5kcRnXfsWqDenwU,Île-de-France,,[route]
342,ChIJebo4dfvq9EcRmG3DLotWMEQ,Lyon,Rhône-Alpes,"[night_club, Bar]"
343,ChIJ49nPdRxy5kcRqlHrocPt0oU,FR,,"[food, Bar, Restaurant]"
344,ChIJlZIjBoZw44kROpw2GH38j54,Boston,Massachusetts,"[Restaurant, Bar, food]"
345,ChIJlW2G2zBu5kcRhim6uqUi8Fs,Paris,France,"[cafe, Restaurant, food]"
346,ChIJ2ZC2AwJu5kcRRg3aRwz2rG0,Paris,Île-de-France,"[Restaurant, food, cafe]"
347,ChIJBbH9PQnr9EcRa-wRPqq6jGY,Rhône,France,"[Restaurant, food]"
348,ChIJ7YNCSeNt5kcRD7BGg3PEAiE,11th arrondissement of Paris,Paris,"[cafe, Restaurant, Bar, food]"
349,ChIJfe8Qqv9x5kcR0f87Fh-gmCs,Paris,France,[Bar]
350,ChIJfY12pR5y5kcRAX8ZRkMlzVs,Paris,France,"[night_club, movie_theater, Restaurant, food]"
351,ChIJeTyR_Btu5kcREaNm-C72THg,Paris,Île-de-France,[Bar]
352,ChIJeTyR_Btu5kcREaNm-C72THg,Paris,Île-de-France,[bar]
353,ChIJwe-j6Ilw5kcR_a6krHDUNZA,,,
354,ChIJwe-j6Ilw5kcR_a6krHDUNZA,Hauts-de-Seine,France,"[Restaurant, food]"
355,ChIJjasjZGRu5kcRMUkbbCkm6no,Paris,France,"[cafe, store, food]"
356,ChIJRzgEuE3n5UcRZLf-B99m8n4,Essonne,France,"[Restaurant, food]"
357,ChIJLx3vonpu5kcRlCJWb55M0vw,18th arrondissement,Paris,[Bar]
358,ChIJwzbBfC9u5kcRQ9q3F_4tyMU,Paris,France,"[food, Restaurant]"
359,ChIJzaRYiNdx5kcRlxQ89kuogt0,Paris,Île-de-France,"[restaurant, food]"
