,listId,name,description,hashtags,visibility
0,100, , ,[],True
1,351,Paris 14ième,,[[]],True
2,5,Hip hop ,,[[]],False
3,411,Adresses Paris,Testées à Paris,[[#paris]],True
4,386,test,,[[]],True
5,98, , ,[],True
6,2,Entre potos,,[[]],False
7,2,Bon coins à Boulbi,,[[]],True
8,349,Plus tard ,A faire plus tard ,[[]],True
9,349,Plus tard ,A faire plus tard ,"[[#Hash, #1
]]",True
10,418,Restaurants Marseille,Découvrez ici les lieux les plus populaires de Marseille ! Donnez nous votre avis sur les adresses de nos listes pour vous connecter aux autres utilisateurs !,"[[#Restaurants, #Marseille]]",True
11,379,Midi,,[[]],True
12,348,kebab,,[[#kebab]],True
13,91,Où manger des crêpes à Marseille ?,"On est d'accord, traditionnellement à Marseille en cette période de Chandeleur on se doit de manger des navettes, et non des crêpes ! Mais avouons-le, la spécialité bretonne est un peu meilleure que le biscuit marseillais. En plus avec les crêpes, des tas de possibilités gustatives s'offrent à notre palais. Alors on la mange où cette crêpe ce soir ?",[],True
14,82,Où manger des crêpes à Marseille ?,"On est d'accord, traditionnellement à Marseille en cette période de Chandeleur on se doit de manger des navettes, et non des crêpes ! Mais avouons-le, la spécialité bretonne est un peu meilleure que le biscuit marseillais. En plus avec les crêpes, des tas de possibilités gustatives s'offrent à notre palais. Alors on la mange où cette crêpe ce soir ?",[],True
15,19,Paris est magique,,[],True
16,58,terrasses,il suffit parfois ….,[],True
17,412,Grand bar terrasse,,[[]],True
18,79,terrasses,il suffit parfois ….,[],True
19,27,La vré,,[[string]],True
20,401,test 3,,[[]],True
21,31,La vré,,[[string]],True
22,7,Hip hop,,[[]],True
23,94, , 4,[],True
24,87,Où manger des crêpes à Marseille ?,"On est d'accord, traditionnellement à Marseille en cette période de Chandeleur on se doit de manger des navettes, et non des crêpes ! Mais avouons-le, la spécialité bretonne est un peu meilleure que le biscuit marseillais. En plus avec les crêpes, des tas de possibilités gustatives s'offrent à notre palais. Alors on la mange où cette crêpe ce soir ?",[],True
25,93, , 4,[],True
26,376,Paris,,[[]],True
27,78,terrasses,il suffit parfois ….,[],True
28,70,terrasses,il suffit parfois ….,[],True
29,402,test,,[[]],True
30,25,La vré,,[],True
31,405,test4,,[[]],True
32,365,Restaurants Lyon,Découvrez ici les lieux les plus populaires de Lyon ! Donnez nous votre avis sur les adresses de nos listes pour vous connecter aux autres utilisateurs !,"[[#Restaurants, #Lyon]]",True
33,380,Soir,,[[]],True
34,77,terrasses,il suffit parfois ….,[],True
35,353,Watwat,How to dance,[[]],True
36,414,Où manger des crêpes à Marseille ?,"On est d'accord, traditionnellement à Marseille en cette période de Chandeleur on se doit de manger des navettes, et non des crêpes ! Mais avouons-le, la spécialité bretonne est un peu meilleure que le biscuit marseillais. En plus avec les crêpes, des tas de possibilités gustatives s'offrent à notre palais. Alors on la mange où cette crêpe ce soir ?",[],True
37,382,samedi aprèm,,[[]],True
38,22,La vré,,[],True
39,71,terrasses,il suffit parfois ….,[],True
40,367,Restaurants Toulouse,Découvrez ici les lieux les plus populaires de Toulouse ! Donnez nous votre avis sur les adresses de nos listes pour vous connecter aux autres utilisateurs !,"[[#Restaurants, #Toulouse]]",True
41,356,Cool,,[[]],True
42,33,La vré,,[[#string]],True
43,97, , ,[],True
44,28,La vré,,[[string]],True
45,42,terrasses,il suffit parfois ….,[],True
46,375,Bar,,[[]],True
47,55,test10,,[[]],True
48,45,terrasses,il suffit parfois ….,[],True
49,369,Restaurants Lille,Découvrez ici les lieux les plus populaires de Lille ! Donnez nous votre avis sur les adresses de nos listes pour vous connecter aux autres utilisateurs !,"[[#Lille, #restaurant]]",True
50,369,Restaurants Lille,Découvrez ici les lieux les plus populaires de Lille ! Donnez nous votre avis sur les adresses de nos listes pour vous connecter aux autres utilisateurs !,"[[#Restaurants, #Lille]]",True
51,393,terrasses,il suffit parfois ….,[],True
52,387,a,,[[]],True
53,52,test0,,[[]],True
54,60,terrasses,il suffit parfois ….,[],True
55,357,café,"un aprem, un café","[[#paris, #café, #kiff, #petitnoir]]",True
56,83,Où manger des crêpes à Marseille ?,"On est d'accord, traditionnellement à Marseille en cette période de Chandeleur on se doit de manger des navettes, et non des crêpes ! Mais avouons-le, la spécialité bretonne est un peu meilleure que le biscuit marseillais. En plus avec les crêpes, des tas de possibilités gustatives s'offrent à notre palais. Alors on la mange où cette crêpe ce soir ?",[],True
57,73,terrasses,il suffit parfois ….,[],True
58,8,Hip hop,,[[]],True
59,1,Macdo,BigMac,"[[#BigMac, #TropBien, #cool]]",True
60,90,Où manger des crêpes à Marseille ?,"On est d'accord, traditionnellement à Marseille en cette période de Chandeleur on se doit de manger des navettes, et non des crêpes ! Mais avouons-le, la spécialité bretonne est un peu meilleure que le biscuit marseillais. En plus avec les crêpes, des tas de possibilités gustatives s'offrent à notre palais. Alors on la mange où cette crêpe ce soir ?",[],True
61,368,Bars et cafés Lille,Découvrez ici les lieux les plus populaires de Lille ! Donnez nous votre avis sur les adresses de nos listes pour vous connecter aux autres utilisateurs !,"[[#Cafés, #Bars, #Lille]]",True
62,372,Djekdb,Fkdodb,[[#bdkdk]],True
63,406,test5,,[[]],True
64,17,Paris est magique,,[],True
65,410,Adresses Lyon,Testées à Lyon,[[#Lyon]],True
66,43,terrasses,il suffit parfois ….,[],True
67,366,Bars et cafés Toulouse,Découvrez ici les lieux les plus populaires de Toulouse ! Donnez nous votre avis sur les adresses de nos listes pour vous connecter aux autres utilisateurs !,"[[#Cafés, #Bars, #Toulouse]]",True
68,6,Hip hop,,[[]],True
69,85,Où manger des crêpes à Marseille ?,"On est d'accord, traditionnellement à Marseille en cette période de Chandeleur on se doit de manger des navettes, et non des crêpes ! Mais avouons-le, la spécialité bretonne est un peu meilleure que le biscuit marseillais. En plus avec les crêpes, des tas de possibilités gustatives s'offrent à notre palais. Alors on la mange où cette crêpe ce soir ?",[],True
70,408,Bar ambiance ,"Bar ambiance posé, pour profiter seul ou à deux ","[[#bar, #ambiance, #cocktail, #Posé]]",True
71,397,test,,[[]],True
72,49,test,,[[]],True
73,26,La vré,,[],True
74,66,terrasses,il suffit parfois ….,[],True
75,50,test4,,[[]],True
76,39,terrasses,il suffit parfois ….,[],True
77,29,La vré,,[[string]],True
78,80,terrasses,il suffit parfois ….,[],True
79,54,test 3,,[[]],True
80,41,terrasses,il suffit parfois ….,[],True
81,415,Où manger des crêpes à Marseille ?,"On est d'accord, traditionnellement à Marseille en cette période de Chandeleur on se doit de manger des navettes, et non des crêpes ! Mais avouons-le, la spécialité bretonne est un peu meilleure que le biscuit marseillais. En plus avec les crêpes, des tas de possibilités gustatives s'offrent à notre palais. Alors on la mange où cette crêpe ce soir ?",[],True
82,99, , ,[],True
83,383,Bifh,Fbdib,[[#bejdbsl]],True
84,30,La vré,,[[string]],True
85,362,Bars et cafés Paris,Découvrez ici les lieux les plus populaires de Paris ! Donnez nous votre avis sur les adresses de nos listes pour vous connecter aux autres utilisateurs !,"[[#paris, #Cafés, #Bars]]",True
86,384,la liste du lundi,,[[]],True
87,62,terrasses,il suffit parfois ….,[],True
88,40,terrasses,il suffit parfois ….,[],True
89,404,test3,,[[]],True
90,84,Où manger des crêpes à Marseille ?,"On est d'accord, traditionnellement à Marseille en cette période de Chandeleur on se doit de manger des navettes, et non des crêpes ! Mais avouons-le, la spécialité bretonne est un peu meilleure que le biscuit marseillais. En plus avec les crêpes, des tas de possibilités gustatives s'offrent à notre palais. Alors on la mange où cette crêpe ce soir ?",[],True
91,51,test 6,,[[]],True
92,63,terrasses,il suffit parfois ….,[],True
93,65,terrasses,il suffit parfois ….,[],True
94,12,VHS LOGO,,[[]],True
95,12,VHS LOGO,,[[]],True
96,12,VHS LOGO,,[[]],True
97,12,VHS LOGO,,[[]],True
98,12,VHS LOGO,,[[]],True
99,12,VHS LOGO,,[[]],True
100,12,VHS LOGO,,[[]],True
101,12,VHS LOGO,,[[]],True
102,12,VHS LOGO,,[[]],True
103,12,VHS LOGO,,[[]],True
104,12,VHS LOGO,,[[]],True
105,12,VHS LOGO,,[[]],True
106,12,VHS LOGO,,[[]],True
107,12,VHS LOGO,,[[]],True
108,12,VHS LOGO,,[[#Lourd]],True
109,12,VHS LOGO,,[[#Lourd]],True
110,12,VHS LOGO,,[[#Lourd]],True
111,12,VHS LOGO,,[[#Lourd]],True
112,12,VHS LOGO,,[[#Lourd]],True
113,12,VHS LOGO,,[[#Lourd]],True
114,12,VHS LOGO,,[[#Lourd]],True
115,12,VHS LOGO,,[[#Lourd]],True
116,12,VHS LOGO,,[[#Lourd]],True
117,12,VHS LOGO,,"[[#TropBien, #Lourd]]",True
118,12,VHS LOGO,,"[[#TropBien, #Lourd]]",True
119,12,VHS LOGO,,"[[#TropBien, #Lourd]]",True
120,12,VHS LOGO,,"[[#TropBien, #Lourd]]",True
121,12,VHS LOGO,,"[[#TropBien, #Lourd]]",True
122,12,VHS LOGO,,"[[#TropBien, #Lourd]]",True
123,12,VHS LOGO,,"[[#TropBien, #Lourd]]",True
124,12,VHS LOGO,,"[[#TropBien, #Lourd]]",True
125,395,Bats sympas à Angers,"Sans pretention mais de bons produits, une bonne ambiance... ca fait toute la différence!","[[#bar, #Angers]]",True
126,413,Fooding,Le meilleur de Paris dans une assiette ????????????????????????????,"[[#jaifaim, #, #food]]",True
127,413,Fooding,Le meilleur de Paris dans une assiette! ,"[[#restaurant, #jaifaim, #food]]",True
128,413,Fooding,Le meilleur de Paris dans une assiette! ,"[[#restaurant, #jaifaim, #food]]",True
129,38,La vré,,[],True
130,67,terrasses,il suffit parfois ….,[],True
131,422,"Déj, goûter, dîner in Paris","Les adresses dans lesquelles je vais depuis toujours ou depuis qq instants, pas de thème juste des envies. ",[[]],True
132,421,To go,,[[]],True
133,373,Fnxjf,,[[]],True
134,388,aze,,[[]],True
135,24,La vré,,[],True
136,4,Mes cafés préférés,,[[]],False
137,9,Test,,[[]],False
138,69,terrasses,il suffit parfois ….,[],True
139,381,petite faim,,[[]],True
140,56,terrasses,il suffit parfois ….,[],True
141,75,terrasses,il suffit parfois ….,[],True
142,88,Où manger des crêpes à Marseille ?,"On est d'accord, traditionnellement à Marseille en cette période de Chandeleur on se doit de manger des navettes, et non des crêpes ! Mais avouons-le, la spécialité bretonne est un peu meilleure que le biscuit marseillais. En plus avec les crêpes, des tas de possibilités gustatives s'offrent à notre palais. Alors on la mange où cette crêpe ce soir ?",[],True
143,385,ma deuxieme liste,,[[]],True
144,358,Fastfood touzi <3,,[[]],True
145,403,test,,[[]],True
146,74,terrasses,il suffit parfois ….,[],True
147,37,La vré,,[],True
148,396,burger !,une liste de burger,"[[#burger, #!]]",True
149,57,terrasses,il suffit parfois ….,[],True
150,416,La pâtisserie de mes rêves ,"Du sucre, du sucre et... du café (avec un sucre) ","[[#Posé, #coffeeshop, #teatime, #diabete, #desserts, #gateaux, #patisseries]]",True
151,76,terrasses,il suffit parfois ….,[],True
152,371,Asian Food,Meilleure boufe asiatique de paname,"[[#paris, #AsianFood]]",True
153,377,Club night,,[[]],True
154,400,new list,,[[]],True
155,394,terrasses,il suffit parfois ….,[],True
156,359,Café,,[[]],True
157,96, , ,[],True
158,20,A suppromer,,[],True
159,68,terrasses,il suffit parfois ….,[],True
160,64,terrasses,il suffit parfois ….,[],True
161,389,qq,,[[]],True
162,53,test1,,[[]],True
163,95, , ,[],True
164,3,Une bete de liste,Aie aie aie,[[#Lourd]],True
165,3,Coco,Aie aie aie,[[#Lourd]],True
166,3,Call me,Aie aie aie,[[#Lourd]],True
167,3,Bring that Love,Aie aie aie,[[#Lourd]],True
168,3,Bring that Feeling,Aie aie aie,[[#Lourd]],True
169,3,Bring that Feeling,Aie aie aie,[[#Lourd]],True
170,392,Ma ville,Les meilleurs etablissement de ma ville,[],True
171,92, , 4,[],True
172,32,La vré,,[[string]],True
173,23,La vré,,[],True
174,417,Bars et cafés Marseille,Découvrez ici les lieux les plus populaires de Marseille ! Donnez nous votre avis sur les adresses de nos listes pour vous connecter aux autres utilisateurs !,"[[#Cafés, #Bars, #Marseille]]",True
175,18,Paris est magique,,[],True
176,10,Test,,[[]],True
177,364,Bars et cafés Lyon,Découvrez ici les lieux les plus populaires de Lyon ! Donnez nous votre avis sur les adresses de nos listes pour vous connecter aux autres utilisateurs !,"[[#Cafés, #Bars, #Lyon]]",True
178,354,Wonderful,Let's sing,[[]],True
179,81,Les meilleurs sports pour boire une bierre dans une ambiance irlandaise,"Bière, musique, jeux et ambiance irlandaise….Les pubs parisiens sont synonymes de convivialité. Voici notre sélection des établissements incontournables pour payer votre tournée",[],True
180,378,Matin,,[[]],True
181,72,terrasses,il suffit parfois ….,[],True
182,374,La chasse aux bonnes bières ,,[[]],True
183,44,terrasses,il suffit parfois ….,[],True
184,363,Restaurants Paris,Découvrez ici les lieux les plus populaires de Paris ! Donnez nous votre avis sur les adresses de nos listes pour vous connecter aux autres utilisateurs !,"[[#paris, #Restaurants]]",True
185,13,La sélection du jour,Les bonnes adresses de l'équipe listen compilées dans cette magnifique liste,"[[#plaisir, #teamwork, #listen, #superben]]",True
186,36,La vré,,[[#string]],True
187,89,Où manger des crêpes à Marseille ?,"On est d'accord, traditionnellement à Marseille en cette période de Chandeleur on se doit de manger des navettes, et non des crêpes ! Mais avouons-le, la spécialité bretonne est un peu meilleure que le biscuit marseillais. En plus avec les crêpes, des tas de possibilités gustatives s'offrent à notre palais. Alors on la mange où cette crêpe ce soir ?",[],True
188,370,Mes villes préférées ,Les villes ou je connais pas mal de bons coins en France,[[]],True
189,350,My First List,Debut,[[#PremiereListe]],True
190,35,La vré,,[[#string]],True
191,409,Cocktails & co,,"[[#cocktails, #drink, #chill]]",True
192,409,"Chilling, drinking & co",,"[[#cocktails, #drink, #chill]]",True
193,61,terrasses,il suffit parfois ….,[],True
194,34,La vré,,[[#string]],True
195,59,terrasses,il suffit parfois ….,[],True
196,355,café,café paris,[[]],True
197,86,Où manger des crêpes à Marseille ?,"On est d'accord, traditionnellement à Marseille en cette période de Chandeleur on se doit de manger des navettes, et non des crêpes ! Mais avouons-le, la spécialité bretonne est un peu meilleure que le biscuit marseillais. En plus avec les crêpes, des tas de possibilités gustatives s'offrent à notre palais. Alors on la mange où cette crêpe ce soir ?",[],True
